org,gen
0.745111111111111,0.871
0.72,0.75
0.78,0.744
0.894,0.857
0.895,0.796
0.744357142857143,0.759
0.796066666666667,0.911
0.95,0.872
