Best,Node
0.825854698034252,0.796156516886089
0.922816355555558,0.873254933333334
0.986479237500003,0.975443679093135
