Best,Node
0.825854698034252,0.828569546087159
0.922816355555558,0.863074933333333
0.986479237500003,0.944810904861396
